"workerid","occludeUtterance","occludeWheel","utteranceID","utterance","spinnerID","payoff1","payoff2","payoff3","prob1","prob2","prob3","win","winProb","angleProp","EV","PE","absPE","happy","sad","anger","surprise","disgust","fear","content","disapp"
11,0,0,10,"yikes",9,15,70,80,0.45,0.29,0.26,80,0.26,0.414,47.85,32.15,32.15,9,6,6,8,8,5,6,5
101,0,0,2,"awesome",32,45,60,90,0.52,0.29,0.19,60,0.29,0.514,57.9,2.1,2.1,7,1,1,6,1,1,6,3
41,0,0,2,"awesome",47,55,70,85,0.28,0.51,0.21,70,0.51,0.413,68.95,1.05,1.05,7,1,1,5,1,1,1,1
54,0,0,6,"oh",24,20,60,90,0.33,0.2,0.47,90,0.47,0.529,60.9,29.1,29.1,6,1,1,6,1,1,1,1
14,0,0,10,"yikes",14,30,50,95,0.33,0.29,0.38,50,0.29,0.314,60.5,-10.5,10.5,3,7,7,6,5,2,2,2
96,0,0,8,"dang",9,15,70,80,0.45,0.29,0.26,80,0.26,0.33,47.85,32.15,32.15,2,6,1,1,4,1,1,6
136,0,0,6,"oh",16,25,60,100,0.45,0.37,0.18,25,0.45,0.742,51.45,-26.45,26.45,3,6,4,2,6,3,4,7
118,0,0,5,"man",16,25,60,100,0.45,0.37,0.18,25,0.45,0.414,51.45,-26.45,26.45,1,9,9,1,3,1,3,9
4,0,0,6,"oh",9,15,70,80,0.45,0.29,0.26,80,0.26,0.422,47.85,32.15,32.15,9,1,1,7,1,1,8,1
89,0,0,5,"man",9,15,70,80,0.45,0.29,0.26,80,0.26,0.216,47.85,32.15,32.15,9,1,1,8,1,1,9,1
50,0,0,5,"man",14,30,50,95,0.33,0.29,0.38,50,0.29,0.074,60.5,-10.5,10.5,9,1,1,7,1,1,9,2
131,0,0,3,"yay",12,20,45,70,0.4,0.34,0.26,70,0.26,0.598,41.5,28.5,28.5,9,1,1,6,1,1,9,1
145,0,0,5,"man",49,50,75,90,0.3,0.52,0.18,50,0.3,0.611,70.2,-20.2,20.2,5,4,3,3,7,6,3,8
102,0,0,2,"awesome",12,20,45,70,0.4,0.34,0.26,70,0.26,0.765,41.5,28.5,28.5,9,1,1,4,1,1,7,1
20,0,0,9,"meh",49,50,75,90,0.3,0.52,0.18,50,0.3,0.822,70.2,-20.2,20.2,7,2,2,4,2,2,5,4
122,0,0,8,"dang",12,20,45,70,0.4,0.34,0.26,70,0.26,0.546,41.5,28.5,28.5,1,2,6,2,6,1,2,8
39,0,0,8,"dang",32,45,60,90,0.52,0.29,0.19,60,0.29,0.066,57.9,2.1,2.1,4,5,6,6,5,2,2,8
84,0,0,7,"damn",49,50,75,90,0.3,0.52,0.18,50,0.3,0.469,70.2,-20.2,20.2,2,5,8,5,6,5,2,9
17,0,0,4,"wow",14,30,50,95,0.33,0.29,0.38,50,0.29,0.39,60.5,-10.5,10.5,9,1,1,9,1,1,8,1
75,0,0,6,"oh",41,0,40,95,0.27,0.4,0.33,40,0.4,0.525,47.35,-7.35,7.35,4,5,4,5,5,4,4,7
111,0,0,8,"dang",14,30,50,95,0.33,0.29,0.38,50,0.29,0.752,60.5,-10.5,10.5,1,3,3,1,3,1,7,9
66,0,0,3,"yay",41,0,40,95,0.27,0.4,0.33,40,0.4,0.392,47.35,-7.35,7.35,7,1,1,5,1,1,7,3
98,0,0,10,"yikes",41,0,40,95,0.27,0.4,0.33,40,0.4,0.252,47.35,-7.35,7.35,8,2,1,8,1,1,7,2
35,0,0,3,"yay",16,25,60,100,0.45,0.37,0.18,25,0.45,0.882,51.45,-26.45,26.45,6,2,1,5,1,1,1,5
61,0,0,3,"yay",12,20,45,70,0.4,0.34,0.26,70,0.26,0.601,41.5,28.5,28.5,7,1,1,3,1,1,7,1
64,0,0,8,"dang",16,25,60,100,0.45,0.37,0.18,25,0.45,0.437,51.45,-26.45,26.45,2,7,5,3,3,1,2,7
137,0,0,9,"meh",9,15,70,80,0.45,0.29,0.26,80,0.26,0.639,47.85,32.15,32.15,3,1,1,2,2,1,1,3
3,0,0,4,"wow",9,15,70,80,0.45,0.29,0.26,80,0.26,0.616,47.85,32.15,32.15,9,1,1,9,1,1,9,1
12,0,0,10,"yikes",41,0,40,95,0.27,0.4,0.33,40,0.4,0.307,47.35,-7.35,7.35,2,6,1,1,4,1,4,7
26,0,0,6,"oh",12,20,45,70,0.4,0.34,0.26,70,0.26,0.475,41.5,28.5,28.5,4,6,6,8,6,3,4,3
76,0,0,6,"oh",24,20,60,90,0.33,0.2,0.47,90,0.47,0.436,60.9,29.1,29.1,9,1,1,4,1,1,9,1
43,0,0,9,"meh",12,20,45,70,0.4,0.34,0.26,70,0.26,0.296,41.5,28.5,28.5,9,8,7,6,5,4,3,2
142,0,0,8,"dang",14,30,50,95,0.33,0.29,0.38,50,0.29,0.174,60.5,-10.5,10.5,3,7,1,6,1,1,2,8
121,0,0,8,"dang",16,25,60,100,0.45,0.37,0.18,25,0.45,0.456,51.45,-26.45,26.45,2,4,4,3,6,1,3,7
78,0,0,10,"yikes",24,20,60,90,0.33,0.2,0.47,90,0.47,0.054,60.9,29.1,29.1,9,1,1,9,1,1,1,1
124,0,0,9,"meh",14,30,50,95,0.33,0.29,0.38,50,0.29,0.949,60.5,-10.5,10.5,6,3,3,4,3,3,6,5
110,0,0,7,"damn",9,15,70,80,0.45,0.29,0.26,80,0.26,0.109,47.85,32.15,32.15,9,2,2,9,2,1,9,2
67,0,0,4,"wow",24,20,60,90,0.33,0.2,0.47,90,0.47,0.276,60.9,29.1,29.1,8,1,1,9,1,1,7,1
140,0,0,4,"wow",12,20,45,70,0.4,0.34,0.26,70,0.26,0.456,41.5,28.5,28.5,9,1,1,8,1,1,9,1
83,0,0,8,"dang",12,20,45,70,0.4,0.34,0.26,70,0.26,0.908,41.5,28.5,28.5,8,1,1,9,1,1,7,1
62,0,0,3,"yay",49,50,75,90,0.3,0.52,0.18,50,0.3,0.023,70.2,-20.2,20.2,9,1,1,6,1,1,6,4
34,0,0,6,"oh",12,20,45,70,0.4,0.34,0.26,70,0.26,0.919,41.5,28.5,28.5,2,3,1,3,1,1,4,7
22,0,0,4,"wow",9,15,70,80,0.45,0.29,0.26,80,0.26,0.983,47.85,32.15,32.15,9,1,1,9,1,1,9,1
10,0,0,5,"man",9,15,70,80,0.45,0.29,0.26,80,0.26,0.076,47.85,32.15,32.15,3,8,3,3,8,2,2,7
40,0,0,6,"oh",47,55,70,85,0.28,0.51,0.21,70,0.51,0.798,68.95,1.05,1.05,9,1,1,9,1,1,9,1
29,0,0,9,"meh",24,20,60,90,0.33,0.2,0.47,90,0.47,0.538,60.9,29.1,29.1,9,1,1,8,1,1,7,1
106,0,0,4,"wow",47,55,70,85,0.28,0.51,0.21,70,0.51,0.766,68.95,1.05,1.05,9,1,1,5,1,1,1,1
146,0,0,10,"yikes",14,30,50,95,0.33,0.29,0.38,50,0.29,0.995,60.5,-10.5,10.5,3,3,2,2,2,2,2,7
71,0,0,4,"wow",47,55,70,85,0.28,0.51,0.21,70,0.51,0.209,68.95,1.05,1.05,7,1,1,7,2,1,7,7
37,0,0,5,"man",9,15,70,80,0.45,0.29,0.26,80,0.26,0.273,47.85,32.15,32.15,9,1,1,9,1,1,9,1
44,0,0,3,"yay",49,50,75,90,0.3,0.52,0.18,50,0.3,0.126,70.2,-20.2,20.2,6,1,1,5,1,1,3,1
77,0,0,6,"oh",16,25,60,100,0.45,0.37,0.18,25,0.45,0.513,51.45,-26.45,26.45,4,6,2,2,3,1,3,5
55,0,0,8,"dang",41,0,40,95,0.27,0.4,0.33,40,0.4,0.65,47.35,-7.35,7.35,2,8,5,4,1,1,1,9
31,0,0,10,"yikes",41,0,40,95,0.27,0.4,0.33,40,0.4,0.938,47.35,-7.35,7.35,2,7,8,7,8,7,2,8
65,0,0,10,"yikes",9,15,70,80,0.45,0.29,0.26,80,0.26,0.724,47.85,32.15,32.15,9,2,1,7,1,1,1,1
85,0,0,7,"damn",14,30,50,95,0.33,0.29,0.38,50,0.29,0.058,60.5,-10.5,10.5,3,6,7,5,6,2,3,9
79,0,0,2,"awesome",9,15,70,80,0.45,0.29,0.26,80,0.26,0.743,47.85,32.15,32.15,9,1,1,7,1,1,8,1
97,0,0,10,"yikes",12,20,45,70,0.4,0.34,0.26,70,0.26,0.639,41.5,28.5,28.5,9,1,1,9,1,1,9,1
108,0,0,6,"oh",41,0,40,95,0.27,0.4,0.33,40,0.4,0.453,47.35,-7.35,7.35,5,5,3,4,2,2,5,4
11,0,0,8,"dang",41,0,40,95,0.27,0.4,0.33,40,0.4,0.105,47.35,-7.35,7.35,9,8,7,8,6,5,4,3
41,0,0,5,"man",24,20,60,90,0.33,0.2,0.47,90,0.47,0.274,60.9,29.1,29.1,5,3,2,4,1,1,1,2
74,0,0,1,"cool",49,50,75,90,0.3,0.52,0.18,50,0.3,0.686,70.2,-20.2,20.2,6,3,3,9,2,5,3,6
54,0,0,1,"cool",9,15,70,80,0.45,0.29,0.26,80,0.26,0.529,47.85,32.15,32.15,7,1,1,7,1,1,1,1
14,0,0,3,"yay",47,55,70,85,0.28,0.51,0.21,70,0.51,0.966,68.95,1.05,1.05,4,7,6,6,2,6,5,5
56,0,0,10,"yikes",9,15,70,80,0.45,0.29,0.26,80,0.26,0.535,47.85,32.15,32.15,9,1,1,9,1,1,9,1
117,0,0,9,"meh",9,15,70,80,0.45,0.29,0.26,80,0.26,0.103,47.85,32.15,32.15,5,5,1,5,2,2,7,5
96,0,0,1,"cool",41,0,40,95,0.27,0.4,0.33,40,0.4,0.703,47.35,-7.35,7.35,7,2,1,1,1,1,1,5
63,0,0,4,"wow",47,55,70,85,0.28,0.51,0.21,70,0.51,0.964,68.95,1.05,1.05,8,1,1,3,1,1,8,2
136,0,0,5,"man",47,55,70,85,0.28,0.51,0.21,70,0.51,0.31,68.95,1.05,1.05,7,3,2,6,3,2,7,4
46,0,0,8,"dang",12,20,45,70,0.4,0.34,0.26,70,0.26,0.4,41.5,28.5,28.5,9,1,1,9,1,1,9,1
131,0,0,5,"man",32,45,60,90,0.52,0.29,0.19,60,0.29,0.831,57.9,2.1,2.1,7,1,2,4,2,1,7,3
6,0,0,3,"yay",12,20,45,70,0.4,0.34,0.26,70,0.26,0.443,41.5,28.5,28.5,9,1,1,9,1,1,9,1
57,0,0,5,"man",47,55,70,85,0.28,0.51,0.21,70,0.51,0.309,68.95,1.05,1.05,9,1,1,3,1,1,6,2
36,0,0,3,"yay",12,20,45,70,0.4,0.34,0.26,70,0.26,0.521,41.5,28.5,28.5,9,1,1,6,1,1,7,1
102,0,0,3,"yay",1,0,30,60,0.38,0.36,0.26,0,0.38,0.439,26.4,-26.4,26.4,3,1,1,1,1,1,1,1
125,0,0,5,"man",47,55,70,85,0.28,0.51,0.21,70,0.51,0.501,68.95,1.05,1.05,7,2,3,4,3,3,7,5
84,0,0,1,"cool",1,0,30,60,0.38,0.36,0.26,0,0.38,0.111,26.4,-26.4,26.4,9,2,2,2,1,1,9,1
17,0,0,5,"man",9,15,70,80,0.45,0.29,0.26,80,0.26,0.302,47.85,32.15,32.15,9,1,1,9,1,1,8,1
130,0,0,1,"cool",24,20,60,90,0.33,0.2,0.47,90,0.47,0.919,60.9,29.1,29.1,9,1,1,2,1,1,9,2
75,0,0,7,"damn",32,45,60,90,0.52,0.29,0.19,60,0.29,0.552,57.9,2.1,2.1,2,6,6,6,5,1,1,8
2,0,0,8,"dang",14,30,50,95,0.33,0.29,0.38,50,0.29,0.732,60.5,-10.5,10.5,2,3,3,6,1,1,3,2
91,0,0,3,"yay",24,20,60,90,0.33,0.2,0.47,90,0.47,0.872,60.9,29.1,29.1,9,1,1,6,1,1,7,1
98,0,0,5,"man",12,20,45,70,0.4,0.34,0.26,70,0.26,0.046,41.5,28.5,28.5,9,1,1,8,1,1,8,1
60,0,0,9,"meh",9,15,70,80,0.45,0.29,0.26,80,0.26,0.869,47.85,32.15,32.15,5,4,1,1,6,1,5,7
93,0,0,4,"wow",41,0,40,95,0.27,0.4,0.33,40,0.4,0.308,47.35,-7.35,7.35,7,1,1,8,1,1,7,1
43,0,0,8,"dang",9,15,70,80,0.45,0.29,0.26,80,0.26,0.644,47.85,32.15,32.15,9,8,7,6,5,4,3,2
142,0,0,10,"yikes",1,0,30,60,0.38,0.36,0.26,0,0.38,0.62,26.4,-26.4,26.4,1,7,2,9,1,1,1,8
144,0,0,7,"damn",41,0,40,95,0.27,0.4,0.33,40,0.4,0.384,47.35,-7.35,7.35,1,1,7,7,3,1,1,9
112,0,0,1,"cool",47,55,70,85,0.28,0.51,0.21,70,0.51,0.111,68.95,1.05,1.05,8,1,1,5,1,1,7,1
134,0,0,9,"meh",41,0,40,95,0.27,0.4,0.33,40,0.4,0.926,47.35,-7.35,7.35,3,7,2,7,7,7,3,3
34,0,0,8,"dang",41,0,40,95,0.27,0.4,0.33,40,0.4,0.289,47.35,-7.35,7.35,3,2,6,3,1,1,3,8
129,0,0,8,"dang",9,15,70,80,0.45,0.29,0.26,80,0.26,0.81,47.85,32.15,32.15,9,1,1,9,1,1,8,1
119,0,0,7,"damn",1,0,30,60,0.38,0.36,0.26,0,0.38,0.243,26.4,-26.4,26.4,1,9,1,9,9,1,1,9
37,0,0,10,"yikes",12,20,45,70,0.4,0.34,0.26,70,0.26,0.898,41.5,28.5,28.5,9,1,1,8,1,1,8,1
44,0,0,8,"dang",12,20,45,70,0.4,0.34,0.26,70,0.26,0.936,41.5,28.5,28.5,5,4,1,3,1,1,2,6
143,0,0,10,"yikes",9,15,70,80,0.45,0.29,0.26,80,0.26,0.383,47.85,32.15,32.15,3,3,3,7,7,4,4,5
77,0,0,8,"dang",24,20,60,90,0.33,0.2,0.47,90,0.47,0.927,60.9,29.1,29.1,9,1,1,7,1,1,9,1
31,0,0,4,"wow",14,30,50,95,0.33,0.29,0.38,50,0.29,0.714,60.5,-10.5,10.5,8,2,2,8,2,2,8,2
85,0,0,5,"man",47,55,70,85,0.28,0.51,0.21,70,0.51,0.516,68.95,1.05,1.05,3,5,6,4,6,2,3,7
53,0,0,7,"damn",9,15,70,80,0.45,0.29,0.26,80,0.26,0.583,47.85,32.15,32.15,9,1,1,8,1,1,8,1
99,0,0,6,"oh",14,30,50,95,0.33,0.29,0.38,50,0.29,0.545,60.5,-10.5,10.5,5,4,2,7,3,4,7,5
113,0,0,5,"man",32,45,60,90,0.52,0.29,0.19,60,0.29,0.551,57.9,2.1,2.1,1,6,5,5,6,1,1,1
79,0,0,6,"oh",47,55,70,85,0.28,0.51,0.21,70,0.51,0.617,68.95,1.05,1.05,6,2,1,6,1,1,6,2
72,0,0,10,"yikes",24,20,60,90,0.33,0.2,0.47,90,0.47,0.44,60.9,29.1,29.1,9,1,1,8,1,1,7,1
104,0,0,10,"yikes",49,50,75,90,0.3,0.52,0.18,50,0.3,0.917,70.2,-20.2,20.2,1,9,8,8,7,7,1,9
90,0,0,2,"awesome",24,20,60,90,0.33,0.2,0.47,90,0.47,0.955,60.9,29.1,29.1,8,1,1,5,1,1,5,1
73,0,0,8,"dang",41,0,40,95,0.27,0.4,0.33,40,0.4,0.8,47.35,-7.35,7.35,7,1,1,9,1,1,5,7
11,0,0,6,"oh",47,55,70,85,0.28,0.51,0.21,70,0.51,0.131,68.95,1.05,1.05,9,4,4,9,6,7,8,4
114,0,0,4,"wow",24,20,60,90,0.33,0.2,0.47,90,0.47,0.582,60.9,29.1,29.1,9,1,1,8,1,1,9,1
127,0,0,4,"wow",24,20,60,90,0.33,0.2,0.47,90,0.47,0.258,60.9,29.1,29.1,9,1,1,7,1,1,9,1
41,0,0,7,"damn",9,15,70,80,0.45,0.29,0.26,80,0.26,0.002,47.85,32.15,32.15,5,2,2,4,1,1,1,3
69,0,0,4,"wow",24,20,60,90,0.33,0.2,0.47,90,0.47,0.325,60.9,29.1,29.1,9,1,1,9,1,1,9,1
82,0,0,6,"oh",1,0,30,60,0.38,0.36,0.26,0,0.38,0.831,26.4,-26.4,26.4,1,9,6,7,2,1,1,9
54,0,0,2,"awesome",41,0,40,95,0.27,0.4,0.33,40,0.4,0.356,47.35,-7.35,7.35,5,3,2,5,1,1,3,4
80,0,0,7,"damn",14,30,50,95,0.33,0.29,0.38,50,0.29,0.261,60.5,-10.5,10.5,5,7,6,1,3,1,5,9
88,0,0,8,"dang",14,30,50,95,0.33,0.29,0.38,50,0.29,0.615,60.5,-10.5,10.5,4,6,6,4,8,1,1,9
117,0,0,10,"yikes",24,20,60,90,0.33,0.2,0.47,90,0.47,0.125,60.9,29.1,29.1,6,2,2,7,2,1,5,2
52,0,0,1,"cool",47,55,70,85,0.28,0.51,0.21,70,0.51,0.619,68.95,1.05,1.05,8,1,1,6,1,1,9,2
63,0,0,8,"dang",32,45,60,90,0.52,0.29,0.19,60,0.29,0.028,57.9,2.1,2.1,8,1,1,6,1,1,9,1
139,0,0,2,"awesome",32,45,60,90,0.52,0.29,0.19,60,0.29,0.019,57.9,2.1,2.1,8,2,1,8,2,2,8,1
6,0,0,4,"wow",24,20,60,90,0.33,0.2,0.47,90,0.47,0.587,60.9,29.1,29.1,9,1,1,9,1,1,9,1
145,0,0,1,"cool",14,30,50,95,0.33,0.29,0.38,50,0.29,0.43,60.5,-10.5,10.5,9,1,1,7,1,1,7,3
20,0,0,6,"oh",32,45,60,90,0.52,0.29,0.19,60,0.29,0.022,57.9,2.1,2.1,4,5,3,4,3,2,3,6
84,0,0,10,"yikes",47,55,70,85,0.28,0.51,0.21,70,0.51,0.353,68.95,1.05,1.05,5,5,5,5,5,5,5,5
86,0,0,10,"yikes",41,0,40,95,0.27,0.4,0.33,40,0.4,0.479,47.35,-7.35,7.35,4,4,3,6,3,7,6,3
130,0,0,7,"damn",12,20,45,70,0.4,0.34,0.26,70,0.26,0.163,41.5,28.5,28.5,3,7,8,4,6,1,3,8
2,0,0,10,"yikes",12,20,45,70,0.4,0.34,0.26,70,0.26,0.502,41.5,28.5,28.5,5,1,1,6,2,1,5,3
66,0,0,4,"wow",1,0,30,60,0.38,0.36,0.26,0,0.38,0.829,26.4,-26.4,26.4,1,9,7,7,4,2,1,9
15,0,0,8,"dang",9,15,70,80,0.45,0.29,0.26,80,0.26,0.477,47.85,32.15,32.15,9,1,1,7,1,1,5,5
64,0,0,10,"yikes",12,20,45,70,0.4,0.34,0.26,70,0.26,0.166,41.5,28.5,28.5,8,1,1,9,1,1,9,1
137,0,0,4,"wow",24,20,60,90,0.33,0.2,0.47,90,0.47,0.671,60.9,29.1,29.1,8,1,1,9,1,1,5,1
30,0,0,10,"yikes",41,0,40,95,0.27,0.4,0.33,40,0.4,0.601,47.35,-7.35,7.35,4,6,6,7,7,1,3,8
12,0,0,6,"oh",1,0,30,60,0.38,0.36,0.26,0,0.38,0.372,26.4,-26.4,26.4,1,7,2,7,1,1,1,9
126,0,0,4,"wow",16,25,60,100,0.45,0.37,0.18,25,0.45,0.23,51.45,-26.45,26.45,6,3,2,2,4,1,6,5
109,0,0,9,"meh",41,0,40,95,0.27,0.4,0.33,40,0.4,0.301,47.35,-7.35,7.35,4,4,4,3,5,2,3,5
93,0,0,6,"oh",9,15,70,80,0.45,0.29,0.26,80,0.26,0.365,47.85,32.15,32.15,5,1,1,3,1,1,5,5
59,0,0,10,"yikes",14,30,50,95,0.33,0.29,0.38,50,0.29,0.503,60.5,-10.5,10.5,4,3,3,5,1,1,2,6
144,0,0,4,"wow",16,25,60,100,0.45,0.37,0.18,25,0.45,0.271,51.45,-26.45,26.45,6,1,1,8,1,1,6,2
27,0,0,1,"cool",1,0,30,60,0.38,0.36,0.26,0,0.38,0.476,26.4,-26.4,26.4,5,1,1,2,1,1,5,6
149,0,0,1,"cool",1,0,30,60,0.38,0.36,0.26,0,0.38,0.262,26.4,-26.4,26.4,1,4,1,5,2,1,1,6
105,0,0,10,"yikes",9,15,70,80,0.45,0.29,0.26,80,0.26,0.943,47.85,32.15,32.15,7,1,1,8,1,1,7,1
112,0,0,10,"yikes",9,15,70,80,0.45,0.29,0.26,80,0.26,0.925,47.85,32.15,32.15,2,7,4,8,7,3,2,8
138,0,0,8,"dang",16,25,60,100,0.45,0.37,0.18,25,0.45,0.291,51.45,-26.45,26.45,3,5,5,2,3,1,3,5
8,0,0,5,"man",24,20,60,90,0.33,0.2,0.47,90,0.47,0.89,60.9,29.1,29.1,5,5,5,5,5,1,5,5
95,0,0,10,"yikes",9,15,70,80,0.45,0.29,0.26,80,0.26,0.594,47.85,32.15,32.15,1,7,3,6,8,1,6,8
147,0,0,2,"awesome",9,15,70,80,0.45,0.29,0.26,80,0.26,0.894,47.85,32.15,32.15,9,1,1,7,1,1,9,1
62,0,0,10,"yikes",16,25,60,100,0.45,0.37,0.18,25,0.45,0.374,51.45,-26.45,26.45,5,3,2,6,1,1,6,4
150,0,0,5,"man",12,20,45,70,0.4,0.34,0.26,70,0.26,0.938,41.5,28.5,28.5,4,1,1,7,1,1,4,2
10,0,0,7,"damn",16,25,60,100,0.45,0.37,0.18,25,0.45,0.567,51.45,-26.45,26.45,2,6,6,3,7,1,1,8
148,0,0,1,"cool",32,45,60,90,0.52,0.29,0.19,60,0.29,0.761,57.9,2.1,2.1,5,5,5,4,5,5,5,5
106,0,0,5,"man",12,20,45,70,0.4,0.34,0.26,70,0.26,0.138,41.5,28.5,28.5,9,1,1,4,1,1,1,1
24,0,0,2,"awesome",32,45,60,90,0.52,0.29,0.19,60,0.29,0.944,57.9,2.1,2.1,6,2,1,5,1,1,7,3
146,0,0,4,"wow",12,20,45,70,0.4,0.34,0.26,70,0.26,0.967,41.5,28.5,28.5,8,2,6,5,2,2,7,2
37,0,0,1,"cool",24,20,60,90,0.33,0.2,0.47,90,0.47,0.581,60.9,29.1,29.1,9,1,1,9,1,1,9,1
94,0,0,1,"cool",1,0,30,60,0.38,0.36,0.26,0,0.38,0.967,26.4,-26.4,26.4,2,5,1,4,1,1,5,5
143,0,0,6,"oh",1,0,30,60,0.38,0.36,0.26,0,0.38,0.652,26.4,-26.4,26.4,1,9,6,6,7,7,7,8
53,0,0,6,"oh",47,55,70,85,0.28,0.51,0.21,70,0.51,0.983,68.95,1.05,1.05,9,1,1,7,1,1,8,1
99,0,0,8,"dang",41,0,40,95,0.27,0.4,0.33,40,0.4,0.489,47.35,-7.35,7.35,3,7,7,7,7,5,2,8
104,0,0,1,"cool",41,0,40,95,0.27,0.4,0.33,40,0.4,0.62,47.35,-7.35,7.35,6,3,4,7,4,5,5,4
123,0,0,5,"man",47,55,70,85,0.28,0.51,0.21,70,0.51,0.862,68.95,1.05,1.05,5,1,3,1,1,1,5,3
63,0,0,6,"oh",24,20,60,90,0.33,0.2,0.47,90,0.47,0.53,60.9,29.1,29.1,9,1,1,9,1,1,9,1
4,0,0,1,"cool",49,50,75,90,0.3,0.52,0.18,50,0.3,0.767,70.2,-20.2,20.2,9,1,1,4,1,1,5,1
89,0,0,9,"meh",12,20,45,70,0.4,0.34,0.26,70,0.26,0.509,41.5,28.5,28.5,6,1,1,5,1,1,3,1
131,0,0,2,"awesome",9,15,70,80,0.45,0.29,0.26,80,0.26,0.83,47.85,32.15,32.15,9,1,1,7,1,1,9,1
57,0,0,9,"meh",24,20,60,90,0.33,0.2,0.47,90,0.47,0.604,60.9,29.1,29.1,9,1,1,2,1,1,6,1
116,0,0,1,"cool",41,0,40,95,0.27,0.4,0.33,40,0.4,0.763,47.35,-7.35,7.35,7,4,3,4,2,2,4,2
13,0,0,2,"awesome",49,50,75,90,0.3,0.52,0.18,50,0.3,0.151,70.2,-20.2,20.2,7,2,2,6,1,1,4,1
125,0,0,2,"awesome",12,20,45,70,0.4,0.34,0.26,70,0.26,0.978,41.5,28.5,28.5,9,1,2,7,1,2,9,1
86,0,0,6,"oh",12,20,45,70,0.4,0.34,0.26,70,0.26,0.168,41.5,28.5,28.5,7,3,4,3,2,1,6,2
2,0,0,2,"awesome",9,15,70,80,0.45,0.29,0.26,80,0.26,0.712,47.85,32.15,32.15,8,1,1,6,1,1,6,2
111,0,0,5,"man",41,0,40,95,0.27,0.4,0.33,40,0.4,0.616,47.35,-7.35,7.35,1,4,4,1,5,1,8,9
66,0,0,5,"man",9,15,70,80,0.45,0.29,0.26,80,0.26,0.182,47.85,32.15,32.15,9,1,1,9,1,1,9,1
64,0,0,1,"cool",47,55,70,85,0.28,0.51,0.21,70,0.51,0.27,68.95,1.05,1.05,9,1,1,9,1,1,9,1
12,0,0,7,"damn",12,20,45,70,0.4,0.34,0.26,70,0.26,0.435,41.5,28.5,28.5,8,1,1,8,1,1,3,1
26,0,0,10,"yikes",41,0,40,95,0.27,0.4,0.33,40,0.4,0.139,47.35,-7.35,7.35,6,3,1,8,2,4,3,7
68,0,0,6,"oh",47,55,70,85,0.28,0.51,0.21,70,0.51,0.203,68.95,1.05,1.05,6,2,2,7,1,1,6,4
93,0,0,8,"dang",47,55,70,85,0.28,0.51,0.21,70,0.51,0.708,68.95,1.05,1.05,3,6,6,5,6,1,4,7
78,0,0,2,"awesome",32,45,60,90,0.52,0.29,0.19,60,0.29,0.541,57.9,2.1,2.1,7,2,2,6,2,2,2,3
105,0,0,9,"meh",12,20,45,70,0.4,0.34,0.26,70,0.26,0.245,41.5,28.5,28.5,3,4,1,3,2,1,2,7
16,0,0,2,"awesome",41,0,40,95,0.27,0.4,0.33,40,0.4,0.646,47.35,-7.35,7.35,6,2,2,4,2,2,7,2
87,0,0,9,"meh",24,20,60,90,0.33,0.2,0.47,90,0.47,0.95,60.9,29.1,29.1,1,1,1,1,9,1,5,1
110,0,0,1,"cool",16,25,60,100,0.45,0.37,0.18,25,0.45,0.861,51.45,-26.45,26.45,4,3,3,2,3,1,4,5
95,0,0,2,"awesome",41,0,40,95,0.27,0.4,0.33,40,0.4,0.757,47.35,-7.35,7.35,9,1,2,9,1,1,8,1
33,0,0,7,"damn",32,45,60,90,0.52,0.29,0.19,60,0.29,0.736,57.9,2.1,2.1,4,3,6,5,3,1,2,6
70,0,0,6,"oh",9,15,70,80,0.45,0.29,0.26,80,0.26,0.915,47.85,32.15,32.15,9,1,1,7,1,1,1,1
115,0,0,3,"yay",24,20,60,90,0.33,0.2,0.47,90,0.47,0.719,60.9,29.1,29.1,9,1,1,9,1,1,9,1
22,0,0,2,"awesome",24,20,60,90,0.33,0.2,0.47,90,0.47,0.409,60.9,29.1,29.1,9,1,1,5,1,1,9,1
10,0,0,1,"cool",24,20,60,90,0.33,0.2,0.47,90,0.47,0.719,60.9,29.1,29.1,7,1,1,6,1,1,1,1
40,0,0,8,"dang",24,20,60,90,0.33,0.2,0.47,90,0.47,0.06,60.9,29.1,29.1,9,1,1,9,1,1,9,1
148,0,0,7,"damn",16,25,60,100,0.45,0.37,0.18,25,0.45,0.245,51.45,-26.45,26.45,3,5,4,6,6,4,5,6
29,0,0,2,"awesome",1,0,30,60,0.38,0.36,0.26,0,0.38,0.831,26.4,-26.4,26.4,4,6,6,7,1,1,3,7
7,0,0,8,"dang",49,50,75,90,0.3,0.52,0.18,50,0.3,0.356,70.2,-20.2,20.2,2,4,4,4,2,1,3,4
119,0,0,2,"awesome",49,50,75,90,0.3,0.52,0.18,50,0.3,0.03,70.2,-20.2,20.2,9,1,1,5,1,1,9,1
44,0,0,2,"awesome",41,0,40,95,0.27,0.4,0.33,40,0.4,0.805,47.35,-7.35,7.35,8,1,1,4,1,1,6,1
143,0,0,5,"man",12,20,45,70,0.4,0.34,0.26,70,0.26,0.969,41.5,28.5,28.5,9,2,2,7,3,6,4,4
107,0,0,6,"oh",12,20,45,70,0.4,0.34,0.26,70,0.26,0.299,41.5,28.5,28.5,9,1,1,9,1,1,9,1
65,0,0,5,"man",41,0,40,95,0.27,0.4,0.33,40,0.4,0.226,47.35,-7.35,7.35,6,1,1,6,1,1,1,2
79,0,0,1,"cool",1,0,30,60,0.38,0.36,0.26,0,0.38,0.127,26.4,-26.4,26.4,1,9,3,7,6,1,1,9
72,0,0,1,"cool",41,0,40,95,0.27,0.4,0.33,40,0.4,0.991,47.35,-7.35,7.35,7,1,1,6,1,1,7,1
90,0,0,8,"dang",1,0,30,60,0.38,0.36,0.26,0,0.38,0.009,26.4,-26.4,26.4,1,1,1,7,1,1,1,8
132,0,0,4,"wow",47,55,70,85,0.28,0.51,0.21,70,0.51,0.991,68.95,1.05,1.05,5,1,1,4,1,1,6,3
69,0,0,3,"yay",49,50,75,90,0.3,0.52,0.18,50,0.3,0.086,70.2,-20.2,20.2,5,2,1,1,1,1,6,3
54,0,0,10,"yikes",49,50,75,90,0.3,0.52,0.18,50,0.3,0.378,70.2,-20.2,20.2,4,3,3,7,1,1,2,6
14,0,0,2,"awesome",41,0,40,95,0.27,0.4,0.33,40,0.4,0.639,47.35,-7.35,7.35,1,6,2,3,4,1,5,4
80,0,0,6,"oh",16,25,60,100,0.45,0.37,0.18,25,0.45,0.851,51.45,-26.45,26.45,2,2,1,3,3,4,1,6
81,0,0,10,"yikes",9,15,70,80,0.45,0.29,0.26,80,0.26,0.6,47.85,32.15,32.15,6,1,1,8,1,1,5,3
88,0,0,10,"yikes",1,0,30,60,0.38,0.36,0.26,0,0.38,0.567,26.4,-26.4,26.4,1,5,4,7,8,2,1,9
52,0,0,2,"awesome",16,25,60,100,0.45,0.37,0.18,25,0.45,0.606,51.45,-26.45,26.45,7,1,1,2,1,1,7,3
63,0,0,3,"yay",1,0,30,60,0.38,0.36,0.26,0,0.38,0.674,26.4,-26.4,26.4,1,8,3,2,9,1,1,9
136,0,0,3,"yay",12,20,45,70,0.4,0.34,0.26,70,0.26,0.996,41.5,28.5,28.5,7,2,1,6,2,2,6,1
42,0,0,1,"cool",49,50,75,90,0.3,0.52,0.18,50,0.3,0.5,70.2,-20.2,20.2,7,1,1,1,1,1,9,2
18,0,0,6,"oh",49,50,75,90,0.3,0.52,0.18,50,0.3,0.393,70.2,-20.2,20.2,6,3,1,3,2,1,7,3
57,0,0,6,"oh",1,0,30,60,0.38,0.36,0.26,0,0.38,0.067,26.4,-26.4,26.4,1,3,3,3,5,1,1,7
20,0,0,3,"yay",24,20,60,90,0.33,0.2,0.47,90,0.47,0.873,60.9,29.1,29.1,9,1,1,4,1,1,9,1
125,0,0,7,"damn",41,0,40,95,0.27,0.4,0.33,40,0.4,0.673,47.35,-7.35,7.35,6,3,6,6,3,2,6,3
130,0,0,8,"dang",1,0,30,60,0.38,0.36,0.26,0,0.38,0.108,26.4,-26.4,26.4,1,9,9,5,7,2,3,8
75,0,0,2,"awesome",49,50,75,90,0.3,0.52,0.18,50,0.3,0.983,70.2,-20.2,20.2,8,1,1,6,1,1,7,1
91,0,0,10,"yikes",49,50,75,90,0.3,0.52,0.18,50,0.3,0.732,70.2,-20.2,20.2,1,7,5,7,5,1,1,8
98,0,0,8,"dang",9,15,70,80,0.45,0.29,0.26,80,0.26,0.113,47.85,32.15,32.15,9,1,1,9,1,1,8,1
35,0,0,6,"oh",24,20,60,90,0.33,0.2,0.47,90,0.47,0.068,60.9,29.1,29.1,9,1,1,9,1,1,9,1
58,0,0,6,"oh",16,25,60,100,0.45,0.37,0.18,25,0.45,0.739,51.45,-26.45,26.45,2,6,5,3,5,2,2,8
15,0,0,10,"yikes",41,0,40,95,0.27,0.4,0.33,40,0.4,0.085,47.35,-7.35,7.35,4,1,1,7,2,3,4,6
100,0,0,3,"yay",1,0,30,60,0.38,0.36,0.26,0,0.38,0.813,26.4,-26.4,26.4,4,3,1,9,5,1,5,4
30,0,0,6,"oh",14,30,50,95,0.33,0.29,0.38,50,0.29,0.576,60.5,-10.5,10.5,5,6,4,5,6,1,3,7
26,0,0,8,"dang",9,15,70,80,0.45,0.29,0.26,80,0.26,0.59,47.85,32.15,32.15,9,1,1,9,1,3,7,2
76,0,0,2,"awesome",1,0,30,60,0.38,0.36,0.26,0,0.38,0.87,26.4,-26.4,26.4,1,7,4,4,2,1,1,9
25,0,0,10,"yikes",47,55,70,85,0.28,0.51,0.21,70,0.51,0.141,68.95,1.05,1.05,6,3,2,6,2,2,7,3
93,0,0,3,"yay",16,25,60,100,0.45,0.37,0.18,25,0.45,0.949,51.45,-26.45,26.45,9,1,1,8,1,1,6,1
105,0,0,8,"dang",24,20,60,90,0.33,0.2,0.47,90,0.47,0.403,60.9,29.1,29.1,8,1,1,7,1,1,7,1
112,0,0,9,"meh",16,25,60,100,0.45,0.37,0.18,25,0.45,0.642,51.45,-26.45,26.45,5,2,2,2,1,1,8,2
16,0,0,3,"yay",47,55,70,85,0.28,0.51,0.21,70,0.51,0.745,68.95,1.05,1.05,7,2,2,6,1,2,7,1
67,0,0,10,"yikes",49,50,75,90,0.3,0.52,0.18,50,0.3,0.771,70.2,-20.2,20.2,1,2,2,2,3,9,1,6
140,0,0,10,"yikes",14,30,50,95,0.33,0.29,0.38,50,0.29,0.575,60.5,-10.5,10.5,4,7,5,6,6,1,4,7
40,0,0,3,"yay",49,50,75,90,0.3,0.52,0.18,50,0.3,0.436,70.2,-20.2,20.2,9,1,1,9,1,1,9,1
51,0,0,4,"wow",49,50,75,90,0.3,0.52,0.18,50,0.3,0.111,70.2,-20.2,20.2,5,3,1,5,3,1,5,8
7,0,0,2,"awesome",14,30,50,95,0.33,0.29,0.38,50,0.29,0.657,60.5,-10.5,10.5,8,1,1,4,1,1,4,1
146,0,0,2,"awesome",47,55,70,85,0.28,0.51,0.21,70,0.51,0.108,68.95,1.05,1.05,7,3,3,6,3,3,6,2
119,0,0,3,"yay",9,15,70,80,0.45,0.29,0.26,80,0.26,0.729,47.85,32.15,32.15,9,1,1,5,1,1,9,1
107,0,0,1,"cool",47,55,70,85,0.28,0.51,0.21,70,0.51,0.42,68.95,1.05,1.05,8,2,1,1,1,1,8,2
31,0,0,2,"awesome",49,50,75,90,0.3,0.52,0.18,50,0.3,0.117,70.2,-20.2,20.2,8,2,2,7,2,2,8,2
65,0,0,9,"meh",12,20,45,70,0.4,0.34,0.26,70,0.26,0.095,41.5,28.5,28.5,8,1,1,5,1,1,1,1
85,0,0,9,"meh",49,50,75,90,0.3,0.52,0.18,50,0.3,0.962,70.2,-20.2,20.2,3,4,3,3,4,1,3,5
72,0,0,9,"meh",14,30,50,95,0.33,0.29,0.38,50,0.29,0.416,60.5,-10.5,10.5,4,2,1,2,1,1,3,7
104,0,0,2,"awesome",24,20,60,90,0.33,0.2,0.47,90,0.47,0.624,60.9,29.1,29.1,9,1,1,9,1,1,9,1
11,0,0,2,"awesome",24,20,60,90,0.33,0.2,0.47,90,0.47,0.035,60.9,29.1,29.1,9,4,3,8,6,5,5,8
132,0,0,8,"dang",1,0,30,60,0.38,0.36,0.26,0,0.38,0.863,26.4,-26.4,26.4,1,5,5,5,5,1,1,7
101,0,0,3,"yay",1,0,30,60,0.38,0.36,0.26,0,0.38,0.921,26.4,-26.4,26.4,1,2,2,3,2,1,1,4
82,0,0,1,"cool",12,20,45,70,0.4,0.34,0.26,70,0.26,0.994,41.5,28.5,28.5,9,1,1,9,1,1,9,1
81,0,0,2,"awesome",12,20,45,70,0.4,0.34,0.26,70,0.26,0.82,41.5,28.5,28.5,9,1,1,9,1,1,9,1
96,0,0,3,"yay",12,20,45,70,0.4,0.34,0.26,70,0.26,0.279,41.5,28.5,28.5,7,1,1,3,1,1,6,1
136,0,0,10,"yikes",1,0,30,60,0.38,0.36,0.26,0,0.38,0.665,26.4,-26.4,26.4,1,7,6,2,7,8,3,7
46,0,0,3,"yay",24,20,60,90,0.33,0.2,0.47,90,0.47,0.735,60.9,29.1,29.1,9,1,1,1,1,1,9,1
89,0,0,3,"yay",32,45,60,90,0.52,0.29,0.19,60,0.29,0.572,57.9,2.1,2.1,8,1,1,7,1,1,8,1
131,0,0,10,"yikes",1,0,30,60,0.38,0.36,0.26,0,0.38,0.422,26.4,-26.4,26.4,3,3,2,3,2,1,5,6
6,0,0,9,"meh",32,45,60,90,0.52,0.29,0.19,60,0.29,0.61,57.9,2.1,2.1,3,6,2,4,7,1,4,8
38,0,0,8,"dang",49,50,75,90,0.3,0.52,0.18,50,0.3,0.595,70.2,-20.2,20.2,2,4,2,4,1,1,5,7
102,0,0,1,"cool",24,20,60,90,0.33,0.2,0.47,90,0.47,0.308,60.9,29.1,29.1,5,1,1,3,1,1,1,1
125,0,0,9,"meh",49,50,75,90,0.3,0.52,0.18,50,0.3,0.826,70.2,-20.2,20.2,4,5,3,6,5,2,6,6
86,0,0,9,"meh",47,55,70,85,0.28,0.51,0.21,70,0.51,0.297,68.95,1.05,1.05,3,4,5,4,7,2,2,8
75,0,0,4,"wow",12,20,45,70,0.4,0.34,0.26,70,0.26,0.039,41.5,28.5,28.5,7,1,1,8,1,1,5,1
111,0,0,4,"wow",12,20,45,70,0.4,0.34,0.26,70,0.26,0.428,41.5,28.5,28.5,9,1,1,9,1,1,1,1
91,0,0,7,"damn",14,30,50,95,0.33,0.29,0.38,50,0.29,0.327,60.5,-10.5,10.5,1,9,8,7,9,1,1,9
98,0,0,3,"yay",16,25,60,100,0.45,0.37,0.18,25,0.45,0.271,51.45,-26.45,26.45,6,2,2,6,4,3,5,5
58,0,0,4,"wow",12,20,45,70,0.4,0.34,0.26,70,0.26,0.173,41.5,28.5,28.5,7,1,1,6,1,1,7,1
15,0,0,5,"man",1,0,30,60,0.38,0.36,0.26,0,0.38,0.797,26.4,-26.4,26.4,1,8,7,3,9,1,1,9
137,0,0,10,"yikes",16,25,60,100,0.45,0.37,0.18,25,0.45,0.041,51.45,-26.45,26.45,2,4,4,6,4,1,1,4
25,0,0,2,"awesome",9,15,70,80,0.45,0.29,0.26,80,0.26,0.311,47.85,32.15,32.15,9,1,1,7,1,1,8,1
109,0,0,7,"damn",9,15,70,80,0.45,0.29,0.26,80,0.26,0.235,47.85,32.15,32.15,9,1,1,9,2,2,9,1
43,0,0,5,"man",49,50,75,90,0.3,0.52,0.18,50,0.3,0.318,70.2,-20.2,20.2,9,8,7,6,4,3,4,5
142,0,0,7,"damn",32,45,60,90,0.52,0.29,0.19,60,0.29,0.576,57.9,2.1,2.1,1,5,1,4,1,1,1,7
121,0,0,10,"yikes",14,30,50,95,0.33,0.29,0.38,50,0.29,0.471,60.5,-10.5,10.5,2,4,4,9,7,1,3,9
27,0,0,4,"wow",24,20,60,90,0.33,0.2,0.47,90,0.47,0.667,60.9,29.1,29.1,9,1,1,9,1,1,7,1
124,0,0,3,"yay",1,0,30,60,0.38,0.36,0.26,0,0.38,0.78,26.4,-26.4,26.4,2,4,3,6,3,2,5,6
105,0,0,2,"awesome",14,30,50,95,0.33,0.29,0.38,50,0.29,0.308,60.5,-10.5,10.5,6,1,1,5,1,1,6,2
112,0,0,8,"dang",49,50,75,90,0.3,0.52,0.18,50,0.3,0.954,70.2,-20.2,20.2,4,6,5,6,6,2,3,7
110,0,0,10,"yikes",49,50,75,90,0.3,0.52,0.18,50,0.3,0.058,70.2,-20.2,20.2,3,7,7,6,6,1,2,6
67,0,0,8,"dang",12,20,45,70,0.4,0.34,0.26,70,0.26,0.413,41.5,28.5,28.5,7,4,1,6,4,1,3,3
83,0,0,2,"awesome",24,20,60,90,0.33,0.2,0.47,90,0.47,0.414,60.9,29.1,29.1,9,1,1,9,1,1,9,1
62,0,0,9,"meh",24,20,60,90,0.33,0.2,0.47,90,0.47,0.422,60.9,29.1,29.1,5,1,1,1,1,1,9,2
19,0,0,9,"meh",49,50,75,90,0.3,0.52,0.18,50,0.3,0.109,70.2,-20.2,20.2,4,7,7,5,6,3,4,8
134,0,0,10,"yikes",49,50,75,90,0.3,0.52,0.18,50,0.3,0.004,70.2,-20.2,20.2,3,8,8,8,8,3,6,8
70,0,0,9,"meh",12,20,45,70,0.4,0.34,0.26,70,0.26,0.499,41.5,28.5,28.5,9,1,1,5,1,1,1,1
28,0,0,5,"man",32,45,60,90,0.52,0.29,0.19,60,0.29,0.974,57.9,2.1,2.1,7,2,2,8,6,1,5,7
129,0,0,3,"yay",1,0,30,60,0.38,0.36,0.26,0,0.38,0.96,26.4,-26.4,26.4,4,6,6,9,4,1,1,8
115,0,0,2,"awesome",32,45,60,90,0.52,0.29,0.19,60,0.29,0.781,57.9,2.1,2.1,9,1,1,8,1,1,8,1
22,0,0,9,"meh",14,30,50,95,0.33,0.29,0.38,50,0.29,0.151,60.5,-10.5,10.5,5,5,5,5,7,1,5,8
10,0,0,10,"yikes",47,55,70,85,0.28,0.51,0.21,70,0.51,0.31,68.95,1.05,1.05,6,5,5,7,3,3,1,6
40,0,0,4,"wow",14,30,50,95,0.33,0.29,0.38,50,0.29,0.043,60.5,-10.5,10.5,9,5,5,9,2,2,9,1
148,0,0,8,"dang",12,20,45,70,0.4,0.34,0.26,70,0.26,0.607,41.5,28.5,28.5,4,6,4,2,5,5,7,1
51,0,0,3,"yay",16,25,60,100,0.45,0.37,0.18,25,0.45,0.846,51.45,-26.45,26.45,4,6,1,1,3,1,4,8
7,0,0,7,"damn",32,45,60,90,0.52,0.29,0.19,60,0.29,0.842,57.9,2.1,2.1,2,4,5,4,2,1,1,5
146,0,0,1,"cool",49,50,75,90,0.3,0.52,0.18,50,0.3,0.828,70.2,-20.2,20.2,6,3,2,2,2,2,6,3
119,0,0,5,"man",16,25,60,100,0.45,0.37,0.18,25,0.45,0.407,51.45,-26.45,26.45,5,5,1,5,2,1,4,6
37,0,0,2,"awesome",49,50,75,90,0.3,0.52,0.18,50,0.3,0.644,70.2,-20.2,20.2,6,7,3,6,5,2,1,5
141,0,0,8,"dang",47,55,70,85,0.28,0.51,0.21,70,0.51,0.977,68.95,1.05,1.05,5,5,2,2,4,1,4,6
128,0,0,10,"yikes",16,25,60,100,0.45,0.37,0.18,25,0.45,0.511,51.45,-26.45,26.45,2,3,1,3,2,1,5,6
143,0,0,1,"cool",49,50,75,90,0.3,0.52,0.18,50,0.3,0.142,70.2,-20.2,20.2,3,4,5,6,7,8,1,2
31,0,0,3,"yay",12,20,45,70,0.4,0.34,0.26,70,0.26,0.117,41.5,28.5,28.5,9,1,1,7,1,1,9,1
72,0,0,3,"yay",16,25,60,100,0.45,0.37,0.18,25,0.45,0.944,51.45,-26.45,26.45,6,1,1,3,1,1,4,4
90,0,0,6,"oh",12,20,45,70,0.4,0.34,0.26,70,0.26,0.262,41.5,28.5,28.5,1,1,1,7,1,1,1,7
101,0,0,6,"oh",9,15,70,80,0.45,0.29,0.26,80,0.26,0.073,47.85,32.15,32.15,7,1,1,3,1,1,3,1
41,0,0,1,"cool",12,20,45,70,0.4,0.34,0.26,70,0.26,0.049,41.5,28.5,28.5,6,1,1,5,1,1,1,1
80,0,0,1,"cool",1,0,30,60,0.38,0.36,0.26,0,0.38,0.416,26.4,-26.4,26.4,2,3,1,5,1,1,3,4
88,0,0,9,"meh",12,20,45,70,0.4,0.34,0.26,70,0.26,0.157,41.5,28.5,28.5,1,1,1,1,1,1,1,1
56,0,0,3,"yay",1,0,30,60,0.38,0.36,0.26,0,0.38,0.451,26.4,-26.4,26.4,1,7,7,6,8,4,1,9
135,0,0,10,"yikes",41,0,40,95,0.27,0.4,0.33,40,0.4,0.865,47.35,-7.35,7.35,3,2,4,9,3,1,5,1
96,0,0,9,"meh",32,45,60,90,0.52,0.29,0.19,60,0.29,0.501,57.9,2.1,2.1,3,1,1,3,4,1,2,5
118,0,0,4,"wow",41,0,40,95,0.27,0.4,0.33,40,0.4,0.792,47.35,-7.35,7.35,8,1,1,8,1,1,9,1
89,0,0,6,"oh",16,25,60,100,0.45,0.37,0.18,25,0.45,0.724,51.45,-26.45,26.45,3,6,2,7,2,1,2,7
42,0,0,4,"wow",1,0,30,60,0.38,0.36,0.26,0,0.38,0.165,26.4,-26.4,26.4,1,8,7,8,3,3,1,9
139,0,0,9,"meh",9,15,70,80,0.45,0.29,0.26,80,0.26,0.701,47.85,32.15,32.15,5,3,3,3,5,4,5,4
50,0,0,10,"yikes",1,0,30,60,0.38,0.36,0.26,0,0.38,0.432,26.4,-26.4,26.4,1,6,5,8,5,1,1,9
131,0,0,4,"wow",14,30,50,95,0.33,0.29,0.38,50,0.29,0.801,60.5,-10.5,10.5,5,2,5,5,7,1,4,7
18,0,0,4,"wow",41,0,40,95,0.27,0.4,0.33,40,0.4,0.283,47.35,-7.35,7.35,7,1,1,9,1,1,7,3
116,0,0,5,"man",16,25,60,100,0.45,0.37,0.18,25,0.45,0.589,51.45,-26.45,26.45,4,4,4,4,3,4,3,7
38,0,0,1,"cool",9,15,70,80,0.45,0.29,0.26,80,0.26,0.394,47.85,32.15,32.15,8,1,1,1,1,1,9,1
102,0,0,4,"wow",9,15,70,80,0.45,0.29,0.26,80,0.26,0.637,47.85,32.15,32.15,5,1,1,1,1,1,4,1
122,0,0,2,"awesome",24,20,60,90,0.33,0.2,0.47,90,0.47,0.085,60.9,29.1,29.1,9,1,1,8,1,1,7,1
17,0,0,2,"awesome",12,20,45,70,0.4,0.34,0.26,70,0.26,0.828,41.5,28.5,28.5,9,1,1,3,1,1,9,1
86,0,0,5,"man",24,20,60,90,0.33,0.2,0.47,90,0.47,0.188,60.9,29.1,29.1,7,1,2,4,2,1,7,3
111,0,0,3,"yay",9,15,70,80,0.45,0.29,0.26,80,0.26,0.981,47.85,32.15,32.15,9,1,1,7,1,1,1,1
58,0,0,8,"dang",32,45,60,90,0.52,0.29,0.19,60,0.29,0.239,57.9,2.1,2.1,4,6,6,3,5,2,2,7
137,0,0,8,"dang",12,20,45,70,0.4,0.34,0.26,70,0.26,0.266,41.5,28.5,28.5,2,3,4,5,5,1,3,8
3,0,0,6,"oh",32,45,60,90,0.52,0.29,0.19,60,0.29,0.09,57.9,2.1,2.1,5,4,1,4,2,1,3,6
76,0,0,1,"cool",14,30,50,95,0.33,0.29,0.38,50,0.29,0.827,60.5,-10.5,10.5,8,1,1,2,1,1,8,2
109,0,0,10,"yikes",24,20,60,90,0.33,0.2,0.47,90,0.47,0.255,60.9,29.1,29.1,9,1,1,9,1,1,9,1
93,0,0,5,"man",49,50,75,90,0.3,0.52,0.18,50,0.3,0.134,70.2,-20.2,20.2,4,5,6,1,6,1,4,7
142,0,0,3,"yay",24,20,60,90,0.33,0.2,0.47,90,0.47,0.23,60.9,29.1,29.1,9,1,1,3,1,1,9,1
149,0,0,3,"yay",9,15,70,80,0.45,0.29,0.26,80,0.26,0.594,47.85,32.15,32.15,9,1,1,7,1,1,8,1
16,0,0,9,"meh",1,0,30,60,0.38,0.36,0.26,0,0.38,0.804,26.4,-26.4,26.4,1,4,3,3,5,2,1,6
87,0,0,5,"man",12,20,45,70,0.4,0.34,0.26,70,0.26,0.605,41.5,28.5,28.5,7,1,1,5,1,1,1,1
95,0,0,6,"oh",12,20,45,70,0.4,0.34,0.26,70,0.26,0.423,41.5,28.5,28.5,8,1,1,8,1,1,7,1
62,0,0,8,"dang",41,0,40,95,0.27,0.4,0.33,40,0.4,0.106,47.35,-7.35,7.35,4,2,1,3,1,1,5,5
70,0,0,8,"dang",14,30,50,95,0.33,0.29,0.38,50,0.29,0.293,60.5,-10.5,10.5,6,2,1,4,5,1,3,8
115,0,0,6,"oh",9,15,70,80,0.45,0.29,0.26,80,0.26,0.337,47.85,32.15,32.15,9,1,1,9,1,1,8,1
29,0,0,8,"dang",9,15,70,80,0.45,0.29,0.26,80,0.26,0.634,47.85,32.15,32.15,9,1,1,8,1,1,7,1
120,0,0,10,"yikes",49,50,75,90,0.3,0.52,0.18,50,0.3,0.646,70.2,-20.2,20.2,6,1,1,2,4,1,1,2
141,0,0,1,"cool",9,15,70,80,0.45,0.29,0.26,80,0.26,0.296,47.85,32.15,32.15,9,1,1,4,1,1,7,1
143,0,0,3,"yay",16,25,60,100,0.45,0.37,0.18,25,0.45,0.99,51.45,-26.45,26.45,6,3,3,4,3,1,1,1
55,0,0,5,"man",24,20,60,90,0.33,0.2,0.47,90,0.47,0.282,60.9,29.1,29.1,7,1,1,7,1,1,8,1
31,0,0,5,"man",1,0,30,60,0.38,0.36,0.26,0,0.38,0.256,26.4,-26.4,26.4,2,7,7,7,8,5,2,8
79,0,0,5,"man",24,20,60,90,0.33,0.2,0.47,90,0.47,0.732,60.9,29.1,29.1,9,1,1,9,1,1,9,1
97,0,0,3,"yay",49,50,75,90,0.3,0.52,0.18,50,0.3,0.628,70.2,-20.2,20.2,7,2,1,2,1,1,4,3
104,0,0,8,"dang",12,20,45,70,0.4,0.34,0.26,70,0.26,0.619,41.5,28.5,28.5,9,1,1,9,1,9,9,1
108,0,0,4,"wow",9,15,70,80,0.45,0.29,0.26,80,0.26,0.189,47.85,32.15,32.15,9,1,1,9,1,1,9,1
90,0,0,9,"meh",49,50,75,90,0.3,0.52,0.18,50,0.3,0.234,70.2,-20.2,20.2,4,3,1,4,5,1,2,7
114,0,0,9,"meh",1,0,30,60,0.38,0.36,0.26,0,0.38,0.964,26.4,-26.4,26.4,1,6,2,5,7,1,1,7
69,0,0,10,"yikes",12,20,45,70,0.4,0.34,0.26,70,0.26,0.935,41.5,28.5,28.5,9,1,1,8,1,1,9,1
82,0,0,10,"yikes",24,20,60,90,0.33,0.2,0.47,90,0.47,0.846,60.9,29.1,29.1,9,1,1,9,1,1,9,1
81,0,0,4,"wow",14,30,50,95,0.33,0.29,0.38,50,0.29,0.824,60.5,-10.5,10.5,8,1,1,8,1,1,4,1
88,0,0,7,"damn",32,45,60,90,0.52,0.29,0.19,60,0.29,0.609,57.9,2.1,2.1,4,1,1,1,6,1,1,8
45,0,0,2,"awesome",1,0,30,60,0.38,0.36,0.26,0,0.38,0.14,26.4,-26.4,26.4,1,4,7,3,7,3,1,9
56,0,0,4,"wow",41,0,40,95,0.27,0.4,0.33,40,0.4,0.613,47.35,-7.35,7.35,6,2,2,6,2,2,6,3
117,0,0,5,"man",1,0,30,60,0.38,0.36,0.26,0,0.38,0.699,26.4,-26.4,26.4,1,9,1,6,7,1,2,9
96,0,0,10,"yikes",24,20,60,90,0.33,0.2,0.47,90,0.47,0.94,60.9,29.1,29.1,4,1,1,8,1,1,4,4
123,0,0,4,"wow",32,45,60,90,0.52,0.29,0.19,60,0.29,0.764,57.9,2.1,2.1,5,1,1,5,1,1,5,1
63,0,0,9,"meh",49,50,75,90,0.3,0.52,0.18,50,0.3,0.955,70.2,-20.2,20.2,4,6,6,3,8,1,4,7
118,0,0,6,"oh",24,20,60,90,0.33,0.2,0.47,90,0.47,0.745,60.9,29.1,29.1,3,7,7,5,7,1,2,9
89,0,0,1,"cool",47,55,70,85,0.28,0.51,0.21,70,0.51,0.418,68.95,1.05,1.05,7,1,1,4,1,1,6,2
6,0,0,1,"cool",41,0,40,95,0.27,0.4,0.33,40,0.4,0.601,47.35,-7.35,7.35,7,1,1,7,1,1,8,2
20,0,0,2,"awesome",14,30,50,95,0.33,0.29,0.38,50,0.29,0.86,60.5,-10.5,10.5,9,1,1,7,1,1,8,1
17,0,0,7,"damn",47,55,70,85,0.28,0.51,0.21,70,0.51,0.149,68.95,1.05,1.05,7,1,1,9,1,1,5,1
130,0,0,10,"yikes",47,55,70,85,0.28,0.51,0.21,70,0.51,0.956,68.95,1.05,1.05,8,1,1,9,1,1,9,1
35,0,0,5,"man",41,0,40,95,0.27,0.4,0.33,40,0.4,0.854,47.35,-7.35,7.35,3,5,1,5,5,1,3,6
9,0,0,5,"man",41,0,40,95,0.27,0.4,0.33,40,0.4,0.75,47.35,-7.35,7.35,3,5,4,2,5,1,2,8
5,0,0,4,"wow",1,0,30,60,0.38,0.36,0.26,0,0.38,0.486,26.4,-26.4,26.4,1,7,9,9,1,1,1,9
100,0,0,9,"meh",41,0,40,95,0.27,0.4,0.33,40,0.4,0.475,47.35,-7.35,7.35,1,8,9,3,8,1,1,9
3,0,0,3,"yay",12,20,45,70,0.4,0.34,0.26,70,0.26,0.291,41.5,28.5,28.5,7,1,1,6,1,1,8,1
30,0,0,7,"damn",32,45,60,90,0.52,0.29,0.19,60,0.29,0.299,57.9,2.1,2.1,5,5,4,4,6,1,3,7
68,0,0,7,"damn",14,30,50,95,0.33,0.29,0.38,50,0.29,0.661,60.5,-10.5,10.5,2,5,7,6,7,1,2,8
93,0,0,1,"cool",1,0,30,60,0.38,0.36,0.26,0,0.38,0.939,26.4,-26.4,26.4,5,5,5,5,5,5,7,5
121,0,0,6,"oh",1,0,30,60,0.38,0.36,0.26,0,0.38,0.458,26.4,-26.4,26.4,1,6,6,3,9,1,2,9
78,0,0,5,"man",12,20,45,70,0.4,0.34,0.26,70,0.26,0.543,41.5,28.5,28.5,9,1,1,9,1,1,1,1
92,0,0,6,"oh",1,0,30,60,0.38,0.36,0.26,0,0.38,0.707,26.4,-26.4,26.4,1,2,2,3,2,1,2,5
87,0,0,3,"yay",14,30,50,95,0.33,0.29,0.38,50,0.29,0.421,60.5,-10.5,10.5,7,1,1,1,1,1,2,1
110,0,0,2,"awesome",24,20,60,90,0.33,0.2,0.47,90,0.47,0.976,60.9,29.1,29.1,9,1,1,6,1,1,9,1
147,0,0,1,"cool",41,0,40,95,0.27,0.4,0.33,40,0.4,0.444,47.35,-7.35,7.35,6,3,1,1,2,1,8,2
133,0,0,2,"awesome",32,45,60,90,0.52,0.29,0.19,60,0.29,0.781,57.9,2.1,2.1,9,1,1,7,1,1,9,1
34,0,0,9,"meh",24,20,60,90,0.33,0.2,0.47,90,0.47,0.781,60.9,29.1,29.1,1,6,2,1,3,1,1,3
22,0,0,5,"man",47,55,70,85,0.28,0.51,0.21,70,0.51,0.077,68.95,1.05,1.05,5,5,2,6,1,1,6,5
10,0,0,2,"awesome",14,30,50,95,0.33,0.29,0.38,50,0.29,0.508,60.5,-10.5,10.5,9,1,1,3,1,1,1,1
106,0,0,6,"oh",24,20,60,90,0.33,0.2,0.47,90,0.47,0.156,60.9,29.1,29.1,9,1,1,9,1,1,8,1
7,0,0,6,"oh",16,25,60,100,0.45,0.37,0.18,25,0.45,0.347,51.45,-26.45,26.45,2,3,2,2,2,1,2,7
128,0,0,2,"awesome",12,20,45,70,0.4,0.34,0.26,70,0.26,0.532,41.5,28.5,28.5,9,1,1,6,1,1,1,1
55,0,0,2,"awesome",47,55,70,85,0.28,0.51,0.21,70,0.51,0.318,68.95,1.05,1.05,9,1,1,6,1,1,9,1
99,0,0,2,"awesome",49,50,75,90,0.3,0.52,0.18,50,0.3,0.31,70.2,-20.2,20.2,8,3,3,8,2,3,7,2
72,0,0,5,"man",32,45,60,90,0.52,0.29,0.19,60,0.29,0.412,57.9,2.1,2.1,7,1,1,6,1,1,5,5
49,0,0,7,"damn",41,0,40,95,0.27,0.4,0.33,40,0.4,0.197,47.35,-7.35,7.35,7,2,2,6,2,2,7,2
73,0,0,3,"yay",9,15,70,80,0.45,0.29,0.26,80,0.26,0.524,47.85,32.15,32.15,9,1,1,9,1,1,9,1
11,0,0,5,"man",49,50,75,90,0.3,0.52,0.18,50,0.3,0.219,70.2,-20.2,20.2,7,6,5,4,4,5,6,7
127,0,0,1,"cool",16,25,60,100,0.45,0.37,0.18,25,0.45,0.168,51.45,-26.45,26.45,3,5,3,3,5,1,5,4
21,0,0,8,"dang",24,20,60,90,0.33,0.2,0.47,90,0.47,0.628,60.9,29.1,29.1,9,1,1,7,1,1,1,1
82,0,0,8,"dang",47,55,70,85,0.28,0.51,0.21,70,0.51,0.196,68.95,1.05,1.05,1,4,7,2,6,1,1,9
56,0,0,2,"awesome",16,25,60,100,0.45,0.37,0.18,25,0.45,0.109,51.45,-26.45,26.45,1,6,5,5,6,4,4,8
117,0,0,7,"damn",49,50,75,90,0.3,0.52,0.18,50,0.3,0.323,70.2,-20.2,20.2,3,6,7,6,7,1,3,8
135,0,0,8,"dang",9,15,70,80,0.45,0.29,0.26,80,0.26,0.506,47.85,32.15,32.15,9,1,1,9,1,1,9,1
118,0,0,3,"yay",49,50,75,90,0.3,0.52,0.18,50,0.3,0.674,70.2,-20.2,20.2,9,1,1,9,1,1,7,1
4,0,0,7,"damn",16,25,60,100,0.45,0.37,0.18,25,0.45,0.808,51.45,-26.45,26.45,4,2,3,6,2,2,5,5
89,0,0,7,"damn",41,0,40,95,0.27,0.4,0.33,40,0.4,0.789,47.35,-7.35,7.35,3,4,7,5,4,1,1,6
139,0,0,4,"wow",24,20,60,90,0.33,0.2,0.47,90,0.47,0.427,60.9,29.1,29.1,8,1,1,8,2,1,8,1
18,0,0,2,"awesome",1,0,30,60,0.38,0.36,0.26,0,0.38,0.047,26.4,-26.4,26.4,2,5,3,3,7,1,2,8
145,0,0,8,"dang",47,55,70,85,0.28,0.51,0.21,70,0.51,0.19,68.95,1.05,1.05,8,1,1,8,1,1,7,2
125,0,0,1,"cool",16,25,60,100,0.45,0.37,0.18,25,0.45,0.58,51.45,-26.45,26.45,6,3,4,5,4,3,6,3
75,0,0,5,"man",24,20,60,90,0.33,0.2,0.47,90,0.47,0.603,60.9,29.1,29.1,7,1,1,8,1,1,6,1
111,0,0,6,"oh",47,55,70,85,0.28,0.51,0.21,70,0.51,0.357,68.95,1.05,1.05,1,1,1,1,9,1,9,9
66,0,0,2,"awesome",49,50,75,90,0.3,0.52,0.18,50,0.3,0.455,70.2,-20.2,20.2,5,3,3,4,3,2,4,6
35,0,0,10,"yikes",14,30,50,95,0.33,0.29,0.38,50,0.29,0.021,60.5,-10.5,10.5,5,1,1,7,1,1,6,1
15,0,0,4,"wow",16,25,60,100,0.45,0.37,0.18,25,0.45,0.271,51.45,-26.45,26.45,6,1,1,6,1,1,6,1
60,0,0,10,"yikes",32,45,60,90,0.52,0.29,0.19,60,0.29,0.251,57.9,2.1,2.1,5,1,1,7,4,1,5,4
61,0,0,1,"cool",9,15,70,80,0.45,0.29,0.26,80,0.26,0.44,47.85,32.15,32.15,8,1,1,5,1,1,6,1
103,0,0,8,"dang",47,55,70,85,0.28,0.51,0.21,70,0.51,0.53,68.95,1.05,1.05,1,3,4,2,2,1,1,5
137,0,0,3,"yay",41,0,40,95,0.27,0.4,0.33,40,0.4,0.969,47.35,-7.35,7.35,8,2,1,3,1,1,6,2
100,0,0,4,"wow",47,55,70,85,0.28,0.51,0.21,70,0.51,0.524,68.95,1.05,1.05,7,1,1,9,1,1,7,1
126,0,0,10,"yikes",32,45,60,90,0.52,0.29,0.19,60,0.29,0.033,57.9,2.1,2.1,4,2,3,6,4,2,4,6
68,0,0,4,"wow",24,20,60,90,0.33,0.2,0.47,90,0.47,0.554,60.9,29.1,29.1,9,1,1,7,1,1,8,1
47,0,0,5,"man",24,20,60,90,0.33,0.2,0.47,90,0.47,0.026,60.9,29.1,29.1,8,2,1,5,1,1,8,1
59,0,0,3,"yay",41,0,40,95,0.27,0.4,0.33,40,0.4,0.203,47.35,-7.35,7.35,8,1,1,6,1,1,4,1
27,0,0,10,"yikes",32,45,60,90,0.52,0.29,0.19,60,0.29,0.223,57.9,2.1,2.1,2,4,1,4,2,1,4,5
105,0,0,6,"oh",1,0,30,60,0.38,0.36,0.26,0,0.38,0.662,26.4,-26.4,26.4,1,4,1,5,2,1,1,8
112,0,0,6,"oh",32,45,60,90,0.52,0.29,0.19,60,0.29,0.324,57.9,2.1,2.1,6,1,1,8,1,1,5,1
1,0,0,8,"dang",47,55,70,85,0.28,0.51,0.21,70,0.51,0.155,68.95,1.05,1.05,5,2,1,3,3,1,4,6
138,0,0,7,"damn",32,45,60,90,0.52,0.29,0.19,60,0.29,0.698,57.9,2.1,2.1,4,6,8,5,6,1,1,5
8,0,0,8,"dang",14,30,50,95,0.33,0.29,0.38,50,0.29,0.874,60.5,-10.5,10.5,1,1,5,6,3,1,1,8
62,0,0,7,"damn",32,45,60,90,0.52,0.29,0.19,60,0.29,0.388,57.9,2.1,2.1,5,5,5,4,1,1,4,8
133,0,0,8,"dang",14,30,50,95,0.33,0.29,0.38,50,0.29,0.279,60.5,-10.5,10.5,3,7,5,2,4,1,3,7
33,0,0,3,"yay",1,0,30,60,0.38,0.36,0.26,0,0.38,0.616,26.4,-26.4,26.4,1,9,9,8,5,1,1,7
70,0,0,1,"cool",47,55,70,85,0.28,0.51,0.21,70,0.51,0.349,68.95,1.05,1.05,9,1,1,5,1,1,1,4
28,0,0,7,"damn",9,15,70,80,0.45,0.29,0.26,80,0.26,0.225,47.85,32.15,32.15,8,1,6,8,1,1,8,1
129,0,0,7,"damn",32,45,60,90,0.52,0.29,0.19,60,0.29,0.568,57.9,2.1,2.1,6,3,1,6,2,1,3,9
115,0,0,7,"damn",47,55,70,85,0.28,0.51,0.21,70,0.51,0.92,68.95,1.05,1.05,9,1,1,9,1,1,9,1
10,0,0,8,"dang",32,45,60,90,0.52,0.29,0.19,60,0.29,0.359,57.9,2.1,2.1,3,6,1,3,3,1,1,8
29,0,0,7,"damn",41,0,40,95,0.27,0.4,0.33,40,0.4,0.537,47.35,-7.35,7.35,5,5,6,7,4,1,3,5
106,0,0,8,"dang",14,30,50,95,0.33,0.29,0.38,50,0.29,0.869,60.5,-10.5,10.5,6,3,2,4,1,1,3,6
24,0,0,6,"oh",14,30,50,95,0.33,0.29,0.38,50,0.29,0.557,60.5,-10.5,10.5,5,3,1,5,2,1,5,4
71,0,0,5,"man",41,0,40,95,0.27,0.4,0.33,40,0.4,0.207,47.35,-7.35,7.35,9,6,4,4,4,2,5,7
119,0,0,6,"oh",41,0,40,95,0.27,0.4,0.33,40,0.4,0.161,47.35,-7.35,7.35,6,1,1,9,1,1,6,4
94,0,0,7,"damn",32,45,60,90,0.52,0.29,0.19,60,0.29,0.749,57.9,2.1,2.1,4,7,4,2,1,1,1,7
143,0,0,2,"awesome",32,45,60,90,0.52,0.29,0.19,60,0.29,0.158,57.9,2.1,2.1,9,1,1,9,1,1,1,3
85,0,0,3,"yay",32,45,60,90,0.52,0.29,0.19,60,0.29,0.46,57.9,2.1,2.1,6,2,2,4,1,1,6,1
99,0,0,7,"damn",1,0,30,60,0.38,0.36,0.26,0,0.38,0.67,26.4,-26.4,26.4,1,9,9,9,9,9,9,9
79,0,0,8,"dang",32,45,60,90,0.52,0.29,0.19,60,0.29,0.762,57.9,2.1,2.1,5,4,2,5,3,1,4,6
108,0,0,7,"damn",1,0,30,60,0.38,0.36,0.26,0,0.38,0.015,26.4,-26.4,26.4,1,7,7,3,7,1,1,8
73,0,0,1,"cool",14,30,50,95,0.33,0.29,0.38,50,0.29,0.131,60.5,-10.5,10.5,9,1,1,9,1,1,4,2
23,0,0,7,"damn",47,55,70,85,0.28,0.51,0.21,70,0.51,0.174,68.95,1.05,1.05,1,8,7,8,9,4,1,9
114,0,0,3,"yay",16,25,60,100,0.45,0.37,0.18,25,0.45,0.847,51.45,-26.45,26.45,6,2,1,3,3,1,5,3
132,0,0,6,"oh",12,20,45,70,0.4,0.34,0.26,70,0.26,0.808,41.5,28.5,28.5,7,1,1,7,1,1,9,1
41,0,0,4,"wow",32,45,60,90,0.52,0.29,0.19,60,0.29,0.411,57.9,2.1,2.1,5,2,2,4,1,1,1,5
21,0,0,5,"man",9,15,70,80,0.45,0.29,0.26,80,0.26,0.158,47.85,32.15,32.15,9,1,1,9,1,1,1,1
82,0,0,4,"wow",41,0,40,95,0.27,0.4,0.33,40,0.4,0.018,47.35,-7.35,7.35,9,1,1,8,1,1,9,1
74,0,0,3,"yay",16,25,60,100,0.45,0.37,0.18,25,0.45,0.202,51.45,-26.45,26.45,9,1,1,2,1,1,1,1
14,0,0,9,"meh",1,0,30,60,0.38,0.36,0.26,0,0.38,0.791,26.4,-26.4,26.4,6,3,4,9,4,8,3,3
117,0,0,8,"dang",32,45,60,90,0.52,0.29,0.19,60,0.29,0.037,57.9,2.1,2.1,5,6,2,7,5,1,4,6
96,0,0,5,"man",16,25,60,100,0.45,0.37,0.18,25,0.45,0.09,51.45,-26.45,26.45,2,4,1,6,3,1,1,6
52,0,0,5,"man",32,45,60,90,0.52,0.29,0.19,60,0.29,0.149,57.9,2.1,2.1,2,1,1,4,1,1,2,5
136,0,0,9,"meh",14,30,50,95,0.33,0.29,0.38,50,0.29,0.767,60.5,-10.5,10.5,5,5,2,2,3,3,8,5
89,0,0,8,"dang",14,30,50,95,0.33,0.29,0.38,50,0.29,0.45,60.5,-10.5,10.5,4,5,3,3,2,1,2,5
6,0,0,7,"damn",14,30,50,95,0.33,0.29,0.38,50,0.29,0.681,60.5,-10.5,10.5,5,3,3,6,2,1,5,4
116,0,0,3,"yay",47,55,70,85,0.28,0.51,0.21,70,0.51,0.939,68.95,1.05,1.05,9,1,1,6,1,1,5,1
38,0,0,6,"oh",16,25,60,100,0.45,0.37,0.18,25,0.45,0.758,51.45,-26.45,26.45,2,4,1,8,1,1,2,9
122,0,0,6,"oh",1,0,30,60,0.38,0.36,0.26,0,0.38,0.652,26.4,-26.4,26.4,1,9,7,9,7,8,1,9
125,0,0,8,"dang",9,15,70,80,0.45,0.29,0.26,80,0.26,0.006,47.85,32.15,32.15,9,1,1,8,1,1,8,1
84,0,0,8,"dang",14,30,50,95,0.33,0.29,0.38,50,0.29,0.587,60.5,-10.5,10.5,5,5,5,5,5,5,5,5
17,0,0,6,"oh",1,0,30,60,0.38,0.36,0.26,0,0.38,0.563,26.4,-26.4,26.4,1,9,3,8,9,1,1,9
111,0,0,9,"meh",16,25,60,100,0.45,0.37,0.18,25,0.45,0.208,51.45,-26.45,26.45,3,1,1,1,1,1,9,7
66,0,0,9,"meh",16,25,60,100,0.45,0.37,0.18,25,0.45,0.473,51.45,-26.45,26.45,3,3,4,3,3,2,3,7
15,0,0,1,"cool",49,50,75,90,0.3,0.52,0.18,50,0.3,0.996,70.2,-20.2,20.2,7,1,1,6,1,1,7,1
5,0,0,1,"cool",32,45,60,90,0.52,0.29,0.19,60,0.29,0.427,57.9,2.1,2.1,7,1,1,5,1,1,5,3
103,0,0,2,"awesome",41,0,40,95,0.27,0.4,0.33,40,0.4,0.425,47.35,-7.35,7.35,5,1,1,3,1,1,6,1
137,0,0,7,"damn",14,30,50,95,0.33,0.29,0.38,50,0.29,0.654,60.5,-10.5,10.5,2,3,7,5,7,1,2,8
100,0,0,6,"oh",14,30,50,95,0.33,0.29,0.38,50,0.29,0.293,60.5,-10.5,10.5,1,6,5,7,7,1,1,9
76,0,0,3,"yay",16,25,60,100,0.45,0.37,0.18,25,0.45,0.184,51.45,-26.45,26.45,6,2,1,5,1,1,5,5
126,0,0,7,"damn",9,15,70,80,0.45,0.29,0.26,80,0.26,0.399,47.85,32.15,32.15,6,2,3,7,3,1,6,7
68,0,0,2,"awesome",16,25,60,100,0.45,0.37,0.18,25,0.45,0.443,51.45,-26.45,26.45,8,1,1,4,1,1,9,1
93,0,0,2,"awesome",32,45,60,90,0.52,0.29,0.19,60,0.29,0.939,57.9,2.1,2.1,9,1,1,7,1,1,8,1
43,0,0,7,"damn",47,55,70,85,0.28,0.51,0.21,70,0.51,0.166,68.95,1.05,1.05,4,5,6,5,4,5,6,5
121,0,0,4,"wow",47,55,70,85,0.28,0.51,0.21,70,0.51,0.264,68.95,1.05,1.05,9,1,1,7,1,1,9,1
105,0,0,7,"damn",47,55,70,85,0.28,0.51,0.21,70,0.51,0.357,68.95,1.05,1.05,3,4,2,2,3,1,3,7
112,0,0,4,"wow",41,0,40,95,0.27,0.4,0.33,40,0.4,0.822,47.35,-7.35,7.35,7,1,1,8,1,1,2,1
92,0,0,8,"dang",9,15,70,80,0.45,0.29,0.26,80,0.26,0.578,47.85,32.15,32.15,6,2,2,7,2,2,6,2
83,0,0,5,"man",14,30,50,95,0.33,0.29,0.38,50,0.29,0.231,60.5,-10.5,10.5,4,2,2,3,4,1,3,5
134,0,0,2,"awesome",14,30,50,95,0.33,0.29,0.38,50,0.29,0.375,60.5,-10.5,10.5,8,1,1,8,1,1,8,1
150,0,0,3,"yay",32,45,60,90,0.52,0.29,0.19,60,0.29,0.26,57.9,2.1,2.1,5,2,1,4,1,1,3,2
115,0,0,8,"dang",41,0,40,95,0.27,0.4,0.33,40,0.4,0.299,47.35,-7.35,7.35,7,1,1,4,1,1,6,1
10,0,0,4,"wow",41,0,40,95,0.27,0.4,0.33,40,0.4,0.128,47.35,-7.35,7.35,7,1,1,7,1,1,6,1
120,0,0,5,"man",14,30,50,95,0.33,0.29,0.38,50,0.29,0.967,60.5,-10.5,10.5,3,3,2,4,3,4,4,6
119,0,0,1,"cool",14,30,50,95,0.33,0.29,0.38,50,0.29,0.562,60.5,-10.5,10.5,8,1,1,6,1,1,8,1
37,0,0,3,"yay",32,45,60,90,0.52,0.29,0.19,60,0.29,0.851,57.9,2.1,2.1,8,4,2,7,2,1,7,4
141,0,0,2,"awesome",1,0,30,60,0.38,0.36,0.26,0,0.38,0.237,26.4,-26.4,26.4,1,8,6,4,5,1,1,8
128,0,0,1,"cool",14,30,50,95,0.33,0.29,0.38,50,0.29,0.473,60.5,-10.5,10.5,4,1,1,3,1,1,1,3
55,0,0,9,"meh",14,30,50,95,0.33,0.29,0.38,50,0.29,0.421,60.5,-10.5,10.5,4,1,1,4,1,1,4,1
31,0,0,7,"damn",9,15,70,80,0.45,0.29,0.26,80,0.26,0.714,47.85,32.15,32.15,3,6,6,6,6,3,3,7
65,0,0,6,"oh",32,45,60,90,0.52,0.29,0.19,60,0.29,0.959,57.9,2.1,2.1,5,5,1,3,5,5,5,5
85,0,0,4,"wow",41,0,40,95,0.27,0.4,0.33,40,0.4,0.28,47.35,-7.35,7.35,5,2,2,6,2,1,4,2
53,0,0,3,"yay",14,30,50,95,0.33,0.29,0.38,50,0.29,0.401,60.5,-10.5,10.5,9,1,1,8,1,1,8,1
113,0,0,6,"oh",47,55,70,85,0.28,0.51,0.21,70,0.51,0.452,68.95,1.05,1.05,6,3,3,5,1,1,4,6
79,0,0,4,"wow",41,0,40,95,0.27,0.4,0.33,40,0.4,0.524,47.35,-7.35,7.35,7,1,1,7,1,1,5,1
97,0,0,8,"dang",32,45,60,90,0.52,0.29,0.19,60,0.29,0.385,57.9,2.1,2.1,5,4,2,5,3,2,4,6
49,0,0,6,"oh",16,25,60,100,0.45,0.37,0.18,25,0.45,0.667,51.45,-26.45,26.45,4,7,6,7,5,5,3,7
